{"cameraMode":{"drawMode":0,"name":"Shaded","section":"Shading Mode"},"sceneLighting":false,"audioPlay":false,"sceneViewState":{"m_AlwaysRefresh":false,"showFog":true,"showSkybox":false,"showFlares":true,"showImageEffects":true,"showParticleSystems":true,"showVisualEffectGraphs":true,"m_FxEnabled":true},"in2DMode":false,"pivot":{"x":2.9699974060058595,"y":2.3585245609283449,"z":0.34382468461990359},"rotation":{"x":0.04640268161892891,"y":0.05871850252151489,"z":-0.0027408271562308075,"w":0.9972046613693237},"size":2.1358907222747804,"orthographic":false}