{"cameraMode":{"drawMode":0,"name":"Shaded","section":"Shading Mode"},"sceneLighting":false,"audioPlay":false,"sceneViewState":{"m_AlwaysRefresh":false,"showFog":true,"showSkybox":false,"showFlares":true,"showImageEffects":true,"showParticleSystems":true,"showVisualEffectGraphs":true,"m_FxEnabled":true},"in2DMode":false,"pivot":{"x":-16.629398345947267,"y":-2.8859245777130129,"z":0.3895198404788971},"rotation":{"x":-0.24820426106452943,"y":-0.6312917470932007,"z":0.22394923865795136,"w":-0.7000666856765747},"size":20.231510162353517,"orthographic":true}