{"cameraMode":{"drawMode":0,"name":"Shaded","section":"Shading Mode"},"sceneLighting":false,"audioPlay":false,"sceneViewState":{"m_AlwaysRefresh":false,"showFog":true,"showSkybox":true,"showFlares":true,"showImageEffects":true,"showParticleSystems":true,"showVisualEffectGraphs":true,"m_FxEnabled":true},"in2DMode":false,"pivot":{"x":-0.8530298471450806,"y":4.2793402671813969,"z":-55.2364501953125},"rotation":{"x":0.0014555962989106775,"y":-0.991049587726593,"z":-0.010399466380476952,"w":-0.13340945541858674},"size":3.6400558948516847,"orthographic":false}