{"cameraMode":{"drawMode":0,"name":"Shaded","section":"Shading Mode"},"sceneLighting":false,"audioPlay":false,"sceneViewState":{"m_AlwaysRefresh":false,"showFog":true,"showSkybox":true,"showFlares":true,"showImageEffects":true,"showParticleSystems":true,"showVisualEffectGraphs":true,"m_FxEnabled":true},"in2DMode":false,"pivot":{"x":35.28215026855469,"y":-6.532924175262451,"z":-9.211267471313477},"rotation":{"x":0.00437050499022007,"y":0.23188629746437074,"z":0.0010704646119847894,"w":-0.9727569222450256},"size":1.3106341361999512,"orthographic":false}