{"cameraMode":{"drawMode":0,"name":"Shaded","section":"Shading Mode"},"sceneLighting":true,"audioPlay":false,"sceneViewState":{"m_AlwaysRefresh":false,"showFog":true,"showSkybox":true,"showFlares":true,"showImageEffects":true,"showParticleSystems":true,"showVisualEffectGraphs":true,"m_FxEnabled":true},"in2DMode":false,"pivot":{"x":1.6938929557800294,"y":1.010574460029602,"z":-2.069925308227539},"rotation":{"x":0.002872078912332654,"y":0.9917759895324707,"z":-0.12594135105609895,"w":0.02261742763221264},"size":2.894113063812256,"orthographic":false}