{"cameraMode":{"drawMode":0,"name":"Shaded","section":"Shading Mode"},"sceneLighting":false,"audioPlay":false,"sceneViewState":{"m_AlwaysRefresh":false,"showFog":true,"showSkybox":false,"showFlares":true,"showImageEffects":true,"showParticleSystems":true,"showVisualEffectGraphs":true,"m_FxEnabled":true},"in2DMode":false,"pivot":{"x":26.77048683166504,"y":16.81341552734375,"z":62.65996551513672},"rotation":{"x":0.11611495912075043,"y":0.025635266676545144,"z":-0.0029561922419816257,"w":0.9929847121238709},"size":25.055992126464845,"orthographic":false}