{"cameraMode":{"drawMode":0,"name":"Shaded","section":"Shading Mode"},"sceneLighting":false,"audioPlay":false,"sceneViewState":{"m_AlwaysRefresh":false,"showFog":true,"showSkybox":false,"showFlares":true,"showImageEffects":true,"showParticleSystems":true,"showVisualEffectGraphs":true,"m_FxEnabled":true},"in2DMode":false,"pivot":{"x":1.9974689483642579,"y":0.010110000148415566,"z":0.13000699877738954},"rotation":{"x":0.00195334036834538,"y":0.9972518086433411,"z":-0.028430122882127763,"w":0.06863429397344589},"size":0.8739768266677856,"orthographic":false}