{"cameraMode":{"drawMode":0,"name":"Shaded","section":"Shading Mode"},"sceneLighting":false,"audioPlay":false,"sceneViewState":{"m_AlwaysRefresh":false,"showFog":true,"showSkybox":false,"showFlares":true,"showImageEffects":true,"showParticleSystems":true,"showVisualEffectGraphs":true,"m_FxEnabled":true},"in2DMode":false,"pivot":{"x":-3.877748966217041,"y":1.2685532569885255,"z":-2.7827577590942385},"rotation":{"x":0.0007223153952509165,"y":0.9986900687217712,"z":-0.04947620630264282,"w":0.014697344042360783},"size":3.6574018001556398,"orthographic":false}